organization_id,converted,goal_scheduling_core,goal_schedule_viewed,goal_punchclock_used,goal_timesheet_approved,goal_team_comms
0040dd9ab132b92d5d04bc3acf14d2e2,False,True,True,True,True,True
00456fd86311b6095ad05f7e31758f0d,False,False,True,False,False,True
007d48a2bc006e6eac0348c788d26dfd,False,False,True,True,False,False
00d6461845d0042b929379c263e9edef,False,False,False,True,False,False
00d812389a3cffdbf014ba194cbe922e,False,True,True,True,False,True
00f00e783ff21fd62404d10ced5cd45f,False,True,False,False,False,False
014d8cdf08111d7442887a4704b47caa,False,True,False,False,False,False
014f83e0deae3ac42041a126f1022974,True,True,False,False,True,True
01529adf420e4435846ac4603f2742de,False,False,False,False,False,True
01546aab771c035a82fad535398ea828,False,True,True,True,False,True
015f38565a692a85e2824e94926a12ef,True,True,True,True,True,False
01637b3b7a0bbd7b12cbb48ae01e0566,False,False,False,False,False,False
0169dad72560ef57cf45c60e7292ba09,False,True,False,False,False,False
016d30d71ff7cb5287de6c2dc578b889,False,True,False,False,True,False
017040c4e1ed4e79578a8c86c89ef6e9,False,False,False,False,False,False
01842569c6942b80bce161f32bbfd53d,True,True,True,True,True,True
018df05a737bec235e219ef3a15e2dc2,False,True,True,False,False,False
01b1e3fe399652a0ba89571e66e28ca5,False,False,False,False,False,False
01bebb2d7ba153849b57477e476841c8,False,True,False,False,False,False
01c797551fa75279d472dc09736e92d1,False,False,True,False,False,False
01ec7118bdcdc09ada1647e6bd215f31,False,False,False,False,True,False
01f5d8504faeac5ba7283bbb28e752c5,False,False,True,False,False,False
01f72f7e769498606ab1cc67d4869793,True,True,True,False,True,False
021a7bf9da9474f132b76b4bafb9f3de,False,True,False,False,False,False
0230aaa200a6c33b10c198297beb8478,True,True,True,False,True,True
024847dac7c181bcb49c774b053ef892,True,True,True,False,False,False
025bc08842ce8b8ea81b68ec6dcda4fe,False,True,False,False,False,False
027d83bb7f1fc8937c6fcb03c211d29d,False,False,True,False,False,False
028a1ac6516864ebe65ce5fb705a27b4,False,False,True,False,False,False
029734f906ca5ce1dce0e8db457bb9f3,False,True,False,False,False,False
02cb9bcda44cd09d79615be9f8d86e84,False,True,True,False,False,False
02dd3b8ec96ffce6c17ac68469d4091e,False,False,False,False,False,False
02f85cd75dc67001fc235d21b6647dce,False,False,False,False,False,False
03129b37388dfb824491fb54aec77553,True,False,False,False,False,False
032261bf2a9eac16ae5f51ccdc989f74,False,False,True,False,False,False
033a90a4d5e5c2c8ed356cc23de2b415,False,True,False,False,False,False
0342e98329d26b09ae162f3542e441e8,False,False,False,False,False,False
034f79f7c3872440005c658e9514781a,False,False,True,False,False,False
035f1142866e6b454b4d69d360f06336,False,True,False,False,False,False
03653197d6e61b80f0dde505483091fd,False,True,False,False,False,False
0377f1bc47619bcdfd63a4e8f5e68692,False,True,True,True,True,True
0379cb8da8d974fb7c8e8e7796ea9aaf,False,True,True,True,True,True
038a88273353c8e7451900f752770e5c,False,False,False,False,False,False
038fa01ec2e98ec6966e2264cb960bc7,False,True,True,False,True,False
039dbb881f0cabed1a145aa6b70e910d,False,False,True,True,False,False
03a4ece463246ec43cc1e86364b463d3,False,True,True,True,True,True
03add5df59d723dc3b22f30e0280fd1e,False,True,True,True,True,False
03b9ad0cf5f7189b006b5e9e434a61ca,False,True,True,True,True,False
03f1d05024023444cc47a879338832d1,False,False,True,False,False,False
03f5b05fccdf685c1040367c49a93151,True,True,True,True,True,True
03f8bc579615bf7fa9f85107b158787b,False,True,True,True,True,False
03fcb0ac9bde23aa61e6017c8748ebd0,False,True,False,False,True,False
040b943351d36c0946fe7ac4386f31d3,False,False,True,True,False,False
042d03dc1550ebfeabd34fa67469a883,False,False,True,False,False,False
04577406210369010606496cd4964266,False,True,False,False,True,False
046ab37c71da1bbf6629be3f5cc7a056,False,False,True,False,False,True
047438204e8253344d9aedf8c2541b80,False,True,True,True,True,False
0480f15c3a41ba7f04ddf1444932ed3e,False,False,False,False,False,False
048707478eb408a1bab55d84e7173a73,False,True,False,False,False,False
04933a9e72c45e5553c0d1dbf392a663,False,True,True,True,True,False
0498909ff4f6548043d7d8c0954fc02d,False,True,False,False,False,False
04b747a8d8b63d041e2d1c7eb1d8cb0d,False,True,True,False,False,False
04ba871c8a6bda89a5ba741bef6cd6b1,False,True,False,False,False,False
04c356f5c28a5be4e1dea4065437393e,True,False,True,True,False,False
04e2e1509ccf0a2bdaf1a965610037b1,True,False,True,False,False,False
0501a8c098811070031e15f6a47c2d58,False,True,False,False,False,False
050cc3c94f84072546e224eba549335e,False,True,True,False,True,True
050d94b79ba19b8c37dd1e45cb22a63f,False,False,False,False,False,False
051974df6d8b59584abdcc4beae38c73,False,True,False,False,True,False
051ecabc7b183607daa99fba9449c62d,False,False,False,False,False,False
052ecd6e8fe7c04ad626c070c47aa7e8,False,True,False,False,False,False
0572da7e7e99bd58dbd863701bb78728,False,True,False,False,False,False
0588b52f2df79a1d8a5de80a572a06a1,True,False,False,False,False,False
058fd32791e87b313be975cfd94ef7f7,True,False,True,True,False,False
059f2702fd1dbf5ca8c39f26811b5571,False,True,False,False,False,False
05a9e9bb64b24fe6e66e8936b4ed168d,False,True,False,False,False,False
05bf1cb809d017a5f66f779dceca4872,False,True,False,False,True,False
05c7dd78a740a557a3d8712fa28650a6,True,True,True,True,True,True
05f200e52ae2f1bc627ced5f0b7e1f0c,False,False,False,False,False,False
05f38cbe1b7073b25c97b3cb46dfc721,False,True,True,True,True,True
06181595fb8190647f6f6194dafddc34,True,True,True,True,True,True
061dcdf2d0c8a567ad83821607a9228f,False,False,False,False,False,False
062cbc5c605bd8cc1b50901da4e49ab2,True,False,False,False,False,False
063d9cafbfa0b73e46de8f2d5470d532,False,True,False,False,False,False
067fc9c8d8d15b80ca775a1d9433cb48,False,True,True,True,True,True
069a5cad862b09d703a176c81f69b64c,False,False,False,False,False,False
069db4b4f7a2ff656567bf713ba25578,False,True,False,False,False,False
06c79ae895222750e7a72ee8db76d334,False,True,True,True,True,False
06f45508348572a691abedb8f0414813,False,False,False,False,False,False
06f82f64982653b60a465b33525115b8,False,False,True,False,False,False
0704c4ac7c1d3bbf3c1dd7af4349d458,False,True,True,True,True,True
0709aa2d5ca70a5f68254919a66f1241,False,False,False,False,False,False
07111a5c581f9a2a36ecea9cfefa8bdd,False,True,True,True,True,False
072463c6e1f2f4dfa7b3fc8b8662c60d,True,True,False,False,False,False
072eecac0f6db90300649ef2b1d16686,False,True,False,False,False,False
0737d8ac8eccd484ba29db13677704f8,False,True,True,True,False,True
0752928bd25afda76d4d54ee702e80d4,False,True,True,True,True,False
07581e3ee4f1cdc16b8252420bf75ebe,False,False,False,False,True,False
0798c7f01da45605f6241f40d160e76a,False,True,False,False,False,False
07c5029c6c9ab5734f55e85539c24790,True,False,False,False,False,False
07c5ea59df3322b8608f712b3a505d0e,False,True,False,False,False,True
07cbecdb3b2f9310e69824a41847e9e2,False,False,True,True,False,False
07d022553d1cb1d1f310790ddfa4dc6a,False,False,True,False,False,False
07d381ded546eca6102b09475eeabbd5,False,False,False,False,False,False
0822fd89d7aa326ab1a6dd2e45e5e2ef,False,True,True,True,True,True
082729967bf9702911c3970d2c1a719a,False,False,True,True,False,False
0838a99aad9435b6664bf78ec5dddd63,False,True,False,False,False,False
084cf2abea31616abcb483e2fc6bae22,False,False,False,False,False,False
084d35205967ab43060ad80310eb6631,False,False,False,False,False,False
0894a3826cb391f294318eabfc50be04,True,True,True,True,True,False
08d60b97d27008e51fd64ad4b4411a60,False,True,True,False,True,False
08dcc9ef767b45322037182a3ac9e9d2,False,True,True,False,True,True
08e60afb4c04b4d96069c17605dfa3ba,False,True,False,False,False,False
08fbf41b4ab025919457d94ba2dd2fcc,False,False,True,False,False,False
08fc0ee1849dc9565ed46d22c88e4603,False,False,False,False,False,False
092b14f16e4ba0c8afc8407d2056cec8,True,False,False,False,False,False
092b40c43e1fd5939accfbb61e3aac66,False,False,False,False,False,False
0932b4cb995a689aa81a7c5b2a1f3951,False,False,True,False,False,False
0933f24bca10e4f42f6fccc3fb6ed7cc,False,False,False,False,False,False
093bf2982c112a1061bfe47cb4f36713,False,True,True,False,False,False
095e179deeea5ae46e58fb8062537902,False,False,False,False,False,False
09650ea100599f6fd05f8efa64abc29f,False,False,False,False,False,True
099d431e236217a2206e886f8a847cf0,False,False,False,False,False,False
099fa4c271eb8c62d719cb2f9bf91170,False,False,False,False,False,False
09b91c1fbafb66fc641981bf7d3f7218,False,False,True,False,False,False
09df60a1dd40f10fbf6d6cb93d802762,False,False,True,False,False,False
09e012977a8717d1b6d12eaaeed69d32,False,True,False,False,False,True
0a072ebd3ac0e04aacd02f70556315f7,False,True,False,False,False,False
0a16f800f51db8fb0dad810c09ce97c0,False,False,False,False,False,False
0a59ef3b1b4682ab41378a4f3711e08f,False,True,False,False,False,False
0a66fcc931ed49d70c044c880b506dd0,False,True,True,False,False,False
0a671d8a4307a826360323f3bb919c1d,False,True,True,True,False,False
0a797e3ce11a082771947d7ab8ef7be5,False,True,False,False,False,False
0a7b67d0a01c8ee850d7ab4d13a12852,False,False,True,False,False,False
0aa433bfc1ba709da4c5036081616741,False,False,False,False,False,False
0aa55431ab1e5c0e054e3294e7a5fe57,False,True,True,False,False,False
0aaa42aaf56c6c9195baeb6db5929532,False,True,True,True,False,False
0aad4af4ad7c03f0a839ddeaa70e7c68,False,True,True,True,True,True
0ad95b803b227a85a297fde00866fa31,True,False,False,False,True,False
0ae2610f63d08817a7761d246465b5ac,False,False,True,False,False,False
0b01c69d57925e395405e8cbf2bb638d,True,False,False,False,False,False
0b042037f9bc78d25ea17aa9d0efb772,False,False,False,False,False,False
0b092b06694f39b64d9ab41817397cae,True,False,True,False,False,False
0b09b796e6f4f892d53af598bb92b98d,False,True,False,False,False,False
0b22ee6a8ec8156a0b22706b22df4795,False,False,False,False,False,False
0b335fc68dde4bcb7ada1c650888e686,False,True,False,False,False,False
0b41b4e5981f058b0c5079088fc38859,False,False,False,False,False,False
0b425a2d338936d433e24ec013e5675a,False,True,False,False,False,False
0b43e2062db7744e4cd9c09a0244edd6,True,False,False,False,False,False
0b476ccbd29b464d8448826d476c1c0b,False,False,False,False,False,False
0b8764c3d925af4e95f207cf6e5a888d,False,True,True,True,True,False
0b892b79d2c7bdc8fcc52f390a36f732,False,False,True,True,False,False
0b8d093aaee65086eddf1ab822293e14,False,False,True,True,False,False
0bcb9252413ba85887ef209b6c292eb0,False,False,False,False,False,False
0bf770e4cf7da296ba6feaf769746eb8,False,True,True,False,True,False
0c0810592139c3a4b6518b3565493da5,False,True,False,False,False,False
0c73999cca3a664c4adefbd45c3f1cd2,False,True,False,False,True,False
0c8b2b22cad0d69afd36b11b3b530836,False,True,False,False,True,False
0c943c2aee6fa4fbba787697314cd23e,False,False,True,False,False,False
0ca1c7d9af13be594bff054fa96daaa8,False,False,True,False,False,False
0ca62ec25aabad5bea29bbebea918c2c,False,False,True,False,False,False
0cc48d0871978ff0238c9b7c437d7b4b,True,False,False,False,False,False
0cca95c422a98097f0f9d199ec771d02,False,True,False,False,False,False
0ce2616f3f9252750be158d56841f541,False,False,False,False,False,True
0ce381fdcf5145f0a9178610e6e866f7,False,False,False,False,False,False
0cf97f60d41f9541a845d32906633447,True,True,False,False,False,False
0cfe1e780ddcd3b97c9c9e6f5f41c686,False,False,True,False,False,False
0d02bb2571648071ed7e0be7e704ebef,True,True,False,False,False,False
0d2464dfb8a6619faaa6c28e3c6186d2,False,False,False,False,False,False
0d2be3642dea6a1e57c536d270eac202,True,True,True,False,True,False
0d3460d11dbf97c4f00524a4fede775e,False,False,False,False,False,False
0d37e73ce69de372958e303d9752aaea,False,True,True,True,False,False
0d6d2333636566ab49dd1509ba4ea82a,False,False,False,False,False,False
0d8da9666ef8de42203dad43ee5c6388,True,True,True,True,True,False
0dbd9289b44cf0f458ede03b08f7b280,False,False,False,False,False,False
0dbf285e3044094e4d546bb6ce8fb181,True,True,True,True,True,True
0defb38f3dd9d412e4baefadc45e0984,False,False,False,False,False,False
0df55ae43f9a05203eb8f9356e014799,True,True,False,False,False,False
0e003968e5493d035064be465392719d,False,True,False,False,True,True
0e3967e0198461885e5d86bc25c01a15,False,True,True,True,True,True
0e3de494720a7e5dee53e067e15dc7b7,False,False,True,False,False,False
0e8695b47e6179a9f1e6fe42a0d54342,False,True,True,True,True,True
0ebcaff284573eced9beb87aedc5df98,False,False,True,False,False,False
0ebf7b6cf6e9f299726b0b2bea8c30f2,True,False,False,False,False,False
0ed2bf9e0a8819cf5eb1a3e2cf2c70fb,False,False,True,False,False,False
0ed61b6dd923e3eb61bcc083368009a1,False,True,False,False,False,False
0f05b831cf50ea1165a0d04cdd71fb0c,False,True,True,True,True,True
0f165ca8934c0e012f037d3c9f444c1b,False,True,False,False,False,False
0f374fde22e14f199f41eb85df0e0820,True,False,False,False,False,False
0fe70647414fd8a6a14c010374ee2314,False,True,True,False,False,False
0ff11c836bda88e014f8cae8f639f40e,False,True,True,True,False,False
0fff60d7e748b38f454960a8f94d5879,False,True,True,True,False,False
100694c6e2da58817eec144b7faed022,False,False,False,False,False,False
102a8ffba698894f78141e7cf9ef54ed,True,False,True,False,False,False
10445441ae4352735871b5c8a1350e14,False,True,False,False,False,False
1071edfc892911f72636f444fba820d8,False,False,True,False,False,False
107d0609379d68e9bdd119c9946a17ac,False,True,False,False,False,False
1084c5d38f89364064989dfc3a46042d,False,True,True,False,True,False
10c973112cdb060c58dd25ebf9b6b99c,False,False,False,False,False,False
10fafd8edc2d00cea3808597f562020c,False,True,True,False,True,False
115dea2941c3b5ea5c80d9febd4534fb,False,False,False,False,False,False
116bcb6cea55b48cab680f040f3c6801,True,False,False,False,False,False
117776cff05b37a547e96b6f7054d746,False,True,True,False,False,True
1180777060691d7c9eacb7b97f6c86e5,True,True,False,False,False,False
118ef17cd522046bfd1cef1b034cd6d1,False,False,False,False,False,False
11cd5f3f8f80de504b1cecd35b75c3a9,False,True,False,False,False,False
11d1f31b01938d970d14eeef05b52707,False,False,False,False,False,False
11d58706814c10631552d477a23fc28d,True,False,False,False,False,False
11d5ea1d6883d3ee8ea5b8dac6d697d2,False,False,True,False,False,False
11d7d50f4e3781bbe44154d9f4cce6ea,False,False,False,False,False,False
11e61b4a5c93f2b7448fb9fe17c8ce85,False,True,True,False,False,False
11e6675ce1d232980d09880057d66a8b,False,False,True,True,False,False
122a0bce59c47a7d5f6e7da4e7ba38bc,False,False,False,False,False,True
1263c05b349b53f4e6df2fd8cfc60e6f,False,False,True,False,False,False
1272c4aa282ca3a349f163564d8cc97c,False,True,True,False,False,False
1279bfcdb5e7799cd2e1e51d6dbabe91,True,True,False,False,False,False
127fba3ac06f26994937d9e13cae3753,True,True,False,False,False,False
128a03366af7351689069354e647895d,True,False,False,False,True,True
12cad8f0d207e677e18df1177804f417,True,True,False,False,False,False
12d70131a26c2fd4022aea91db5aaa66,False,True,False,False,False,False
12e5d7b5bf806ab505f3e6e801d25919,True,True,True,True,False,False
12e74517300ea7e5cd56b43efed6508c,False,False,True,False,False,False
12ed7b7e84363bcfb31778d69276693b,True,True,False,False,False,False
12f991e963c8821a0bf961ed50dcd122,False,False,True,False,False,False
1306bdc9a5713828a932af80cf959621,True,True,True,False,False,False
131990da1b9c86904ba70826fd348642,False,True,True,False,False,False
132d8f8cabba5c8326708f1f6f9b8d35,False,True,True,True,False,False
13525c006ccf2884038e21de65d36c0b,False,True,False,False,False,False
1358a214520fbf428bb48ee189076ef6,True,True,False,True,False,True
13649e4fa1260648d6782dc18a95f8d5,False,False,False,False,True,False
13778ba63482570c7f71f8f126ad24f1,False,True,True,True,True,False
1386ea50077967b765f708d90c811af5,False,False,False,False,False,True
1398c4833f2d9402fcb98cd2982b75d6,False,True,False,False,False,False
13b26ebbf7219e24156dcaef5c3529bb,False,False,False,False,False,False
13b69a5a22f20ec834a2870c937ba433,False,True,True,True,True,False
13cc5b410c03ebf963f5ad5cdc428eea,False,False,True,True,False,False
14015e45a67d636523a139ea69dd0a4f,False,False,True,True,False,False
1409bd2aef5cc00bcb5167d30f6aaa67,True,False,False,False,False,False
140a2d7a8a5ed691d2e14c358bcc696c,False,True,False,False,False,False
1426c516be1c148f0c61300585009a50,True,False,True,True,False,False
144980b77ba3b1909b47767637d36c8e,False,True,True,False,False,False
146a6b5398abf0b3c64eba782827393b,False,True,False,False,True,False
146ad256085c8d43a9b5895adc970588,False,False,False,False,True,False
14a0041edbb68db25cc8616a3e4dd101,False,True,True,True,False,True
14a7cf7e7b5c20d8a06f08449491b96d,False,True,False,False,False,False
14bf8030659356e89ca8a5f602abfed7,True,False,False,False,False,False
14db7e693b94f40856ec958665010901,False,False,False,False,False,False
14e25bd3637773c0ee106cb9b23c8f68,False,True,False,False,False,False
150dd4bcd844cb515c6fce46588bb382,False,False,True,False,False,False
15235f794590f27642e149e0a895c1d4,False,True,False,False,False,True
1534ecb5a4432e5e4cbf5afc6130e287,False,True,True,True,True,True
154647fa6ad39ad1ea4dd6bdfd273679,False,True,True,True,True,False
155c2ad89c0596065f80aca1133f8f1d,False,False,True,False,False,False
156709300e03f232a657c8e10632ffe4,False,False,False,False,False,False
1569fdb463b78bc11c0276a4bc989189,False,False,True,False,False,False
156e8fd102c92e5a04aa948c4917b747,True,False,False,False,False,False
1580a0b6393fd7aafadfac175313e289,True,True,False,False,False,False
15c65326a4c4dc52634e92fb2a768333,False,False,False,False,False,False
15cd3541984c0ad0c93cdc64e8fd1e8a,False,False,False,False,False,False
15fb76069f30418460f0b8787b12cbca,False,True,True,False,True,False
16060cc053f4867e9e8875de8f23d62e,False,True,False,False,False,False
162d34af4a436a52b5b54899c06cb04d,True,False,False,False,False,False
1649d437531b551c061b25a2f2b98fd7,True,False,False,False,False,False
164c6720de3ff62c43a3691eb7ff164c,False,True,True,False,False,False
165aabc65ee37cad125607e6c29bb8c0,False,True,False,False,False,False
168af11fc96d54fb37e372c9d6ac9016,False,True,True,True,True,True
168d7c77eaa722076012770204a14c0d,False,True,False,False,False,True
1699cd3b9b22acc19c5d557e5ef596d2,False,False,False,False,False,False
16b5565f26fddafbf090f3208c4472b2,False,True,False,False,False,False
16b6ce1ff9554faf8f9f7118bfd7271a,False,True,True,True,False,False
16d9b6424678086773c9c92b029a5f51,False,False,False,False,False,False
16f6e10939ae01a81e10232fbe506bcc,False,True,True,False,False,False
170752f8898bd7366e8be55577f989d2,True,True,True,True,True,False
1739bf008c42299848b601d9eb6010d7,False,True,False,False,False,False
173a6ebc76c01379fd74fd5fddc94ff4,False,True,False,False,True,False
17486251d1f60378aaa47c7028872e48,False,True,False,False,False,False
17554b5f4766ed78b999010cc1c0119d,True,False,False,False,False,False
1759d5e0784ca6aa32b3d61f8418ee70,False,True,False,False,False,False
175d781521cd94c043b67bee7a7839be,False,False,False,False,False,False
1769e18438ad69e1b5c89e153e16cba5,False,True,True,True,False,False
176b6b29e690185d9de6b6dbf7490ccb,False,False,False,False,False,False
177520757aa6e0a4f0bfc9be0b096e7b,False,False,True,False,False,False
177e545194d330b2170b3cad48a0257f,True,False,True,False,False,False
1781007f3dbd01dd7af32990d8d7114c,False,False,False,False,False,False
178b6ee7f39bfb7e3a6150f2e0bc2683,True,False,False,False,False,False
17a981f07e4885f63c604028d29b0d57,False,False,True,False,False,False
17ac337413ec01489ebdb48e9f8b4451,False,False,False,False,False,False
17b1640beaeea58e359203746d1be695,True,False,False,False,False,False
17b714b62c9a0a2317b063eec659368f,True,True,False,False,True,False
17d325a49ed1290a09c8f3d04a860fd3,False,True,False,False,False,False
17ec6610db2a4b16a34852d8a86aa165,False,True,True,True,False,True
17f21a709599972f399bb7659dd05996,True,True,True,True,True,True
18104d3eed788ca3ad2a9fd8aa2a53b0,True,True,False,False,False,False
18215f811c4a5b0400a14c9b82ad979d,True,False,True,False,False,False
18585f67c156e3d522f024ec0a23b68a,False,False,False,False,False,False
187c07046ea89c730f520fa75a08e349,False,True,True,True,True,True
188cfbafcd625a1e1b93884a9327f5e4,False,True,False,False,True,False
189c924fca3a7029ea610e188e8a668e,False,True,False,False,True,True
18a89ef0a8901b1213be467839ab772a,False,True,True,True,True,True
18a8ca222933895a4bfbb9485836a751,False,False,False,False,False,False
18d7437b422bab47b65e8f4179954c0a,False,False,False,False,False,False
18e9b772744c011b02413abdb3cb3569,False,True,False,False,False,False
19253296a7202756ec5a73a9d9541f2b,False,False,True,False,False,False
192b2a3ab31280085131b901a23c27ac,False,False,True,True,False,False
194722c85ffbebeeb2f7e202982f16ba,False,False,False,False,True,False
19c1ad731d2bc374820461f9a5ba7fed,False,True,False,False,False,False
19c2dc50f6ccd7e464f1a710b1356ae4,False,True,False,False,False,False
19c38b1b7495779f97524483e58679b1,False,True,True,False,False,False
19c5f6cc03354378757319c7215a4543,False,True,False,False,True,False
19d0e12ad650e76b1044118dd21ab5ba,False,False,False,False,False,False
19db988a236e3529c71355c79550c341,False,True,True,True,False,False
19ebcfeff96af26e609fdbace1c56abe,False,True,True,True,False,False
19ee48f85a318c184e23e0d0b2a9a503,False,True,True,True,True,True
19feca9314c2010acf2420bbe582234a,False,True,True,True,False,False
1a04133628339b48ec08dff40acc29ae,False,False,True,False,False,False
1a10cc977479b2226a5358ff13f0687a,True,True,False,False,False,False
1a15d89307d9bf15c6dff54902250b04,False,False,True,False,False,False
1a1689740e3e03c10962db72b3e148f5,False,True,False,False,False,False
1a1ffaf6d1444aad83637aba91a5554b,True,False,False,False,True,False
1a220a292104ae82c528dfac41a9cc29,True,True,True,True,False,False
1a664791c657fe4109cefed667098c4b,True,True,False,False,False,False
1a73d8e8db156b8f1fc734d14e3ca42c,False,True,True,False,False,False
1a78b358ae2a2d638676ad90ef76203f,True,True,False,False,False,False
1a7b1d3b931fb22628521b74815d947e,False,True,False,False,False,False
1a7eb35340696c1bf42adb6bc1e9af62,False,True,False,False,False,False
1a8b5147799e2be4ea659a37f82f2e60,False,True,True,True,True,True
1a8b884ecf75e62173f8cfc2d693218f,False,True,False,False,True,False
1a97a5c3e26b204d1fd9ce42e90f33f9,False,True,False,False,False,False
1aa19170400130817b213e41d92f9f40,False,True,True,True,True,True
1aa674f21b506118a37daa03c6922c6d,False,False,True,True,False,False
1ad06dc5ccdd8129ace2b65f7e0f3755,True,True,True,True,False,False
1add047ab17c02be93d83168af47d559,False,True,False,False,False,False
1aea6141c8897216051617be81c27c3e,False,True,True,True,True,True
1afae86dc2ea31d6c23dcfacaaa5cdad,False,True,True,True,False,False
1afe29d531511019317eaf2367d1cded,False,True,True,False,False,False
1b25b92f9423141f15c337cda618d6bd,False,True,False,False,False,False
1b3a1cd9e052a09b8110bc8cbfdf5cb7,False,True,True,False,False,False
1b3fbdb9ca7c59018d7d0559806c302b,False,False,False,False,False,False
1b4a8585f41f8a40a2c0dff154fd503d,False,True,False,False,False,False
1b683fc2ce4b036cac0112e4c361731a,False,True,False,False,False,False
1b6a5694832461f9dc3749716e5047fd,True,True,False,False,False,False
1b7bbdc9c7ff3bdc7601077241874578,False,True,True,False,False,False
1bae3e5dbf14173a578e2f81e8e4d0aa,False,True,False,False,False,False
1be10b234e672e5610a6b5460aa926c9,False,True,True,True,True,True
1bec71c3d5362650327dc4efdd70a7af,False,False,False,False,False,False
1beeac077c1a0a75c7bc1be6b3306957,False,True,False,False,False,False
1bef5917eb3adc401e4df93e1f9340a5,True,True,False,False,False,False
1c4e13b1f022160628c4d68197eab978,False,False,False,False,False,False
1c912497b8998483152f3d672cf82f9c,False,True,False,False,False,False
1c99e421b28c6e2068c6bd83d150bf7e,False,False,True,False,False,False
1ca01c7c9e027360c1e30f66a509716c,False,True,True,True,True,True
1cb0b4dc51ae3575f0c12c512b9d68c2,False,False,False,False,False,False
1cdd72935a56cf47dcc65c5ca473632b,False,False,False,False,False,False
1ce883bfcaf30c387698f8a00ce065f9,False,True,False,False,False,False
1d059d633fd0d96d19ee2849c058d664,True,True,True,True,True,True
1d18fed87cc60f8c2a5e4c2cc3196382,False,False,True,False,False,False
1d1e3259f391eb91a214be14bc37316a,False,True,False,False,False,False
1d4c83a11e4071bf422aaf0b90f886ca,True,True,False,False,False,False
1d62cf4e0d71d862045d7dc454d2f4fc,False,False,False,False,False,False
1d9e91ad23aa9ad0f383d65354d1abf8,False,True,False,False,False,False
1dbd4b829de8b7a02db6dfb789a4bc97,True,False,False,False,False,False
1dd8a738ef7bab6fc8b68dd470d8edd3,False,False,True,False,False,False
1ddf212bed2d888fe5ed5395c5dadb36,True,False,True,False,False,False
1decbac9b4d62746ab3456f080fc459f,False,True,True,False,False,False
1e06f241d63d030ec793a077a001d6c9,False,True,True,False,True,False
1e53443ed16090738d6dfa7d7ad59fb2,False,False,False,False,False,True
1e5a1d2f46a852ab907a44ecafa1f342,False,True,False,False,True,False
1e762a15d7ef671e991af982abf80727,True,True,False,False,False,False
1e7a8c10331acec7b5274de6db148887,False,True,True,True,True,False
1e881e7d6d23ffbbe9533250c701bcf6,False,False,True,False,False,False
1e8d05791f502591c4c12e93f7f0a96a,False,True,True,False,True,False
1ea66f9d2d4ee46921cf149a0e3b41fa,False,False,False,False,True,False
1eafec7905849c007793584113a4bd0f,False,False,True,False,False,False
1ec2acc9a28ce091a5ba7789e863c1f6,True,False,False,False,False,False
1ec8daca510142881b276689d1687eed,False,True,True,True,False,False
1ed155daa8cc4fc9cfa0154bfaf8c886,True,False,True,False,False,False
1ed57d35fd8eba96d5a48a2e6e31c52c,False,True,False,False,True,False
1ee14bd8cb7bdf52d89a12780fea3fce,False,True,False,False,False,False
1eea5f07fcb641dccfe51cc2341a66b0,False,True,True,True,True,True
1eeeb8a0ebf42b3e3cb49bb13f20e1c6,False,True,False,False,True,False
1ef6adc7e9245e35da160a89a426895e,False,True,True,True,False,True
1efa6c7a731399cfad95298b5df7e014,False,False,True,False,False,False
1f14124d04ee5a2802bf34c67bc54c27,False,True,True,False,False,True
1f3202ad62ccb9602198d3a4f6fff90d,True,False,True,False,False,False
1f39643c254eb4a5d1a22d3531f9c644,False,False,False,False,False,False
1f5491c083bc8cb4191d7eb3a15143ec,False,True,True,True,True,True
1f58f41c7f8ecec31e9d02665d717b5b,True,True,False,False,False,False
1f645229e51d07ef0ee5c028842a880c,True,True,True,False,False,True
1f7436581b74c1c48b6aeae2a673cc45,False,False,False,False,False,False
1f82fb105c837ec2ba62894d1a83ee29,False,True,True,False,False,False
1f8aebbfdbc381d83e6d9276ee93f4af,True,True,False,False,False,False
20018b8013d7bff350cb78f1190cc965,True,False,False,False,False,False
200895fa4b3caa5a7668cdf746d8f9fb,False,True,False,False,False,False
201891438e131d7b6d0898f8cca7272c,True,True,True,False,False,True
201cac0f23f2e4e3546332b4a54627d2,False,False,True,False,False,False
201ec1972bb3ff3d690ea6dd16323f90,False,True,True,False,False,False
201fdb4da861b1dca42349721f58f789,False,True,False,False,False,False
202126d40b02c1d3afef7e9c4be21a4e,False,True,True,True,True,False
2030015472b322c5134035b517e2d2b7,False,True,False,False,False,False
2048f27233f469a2242dd1444979719f,False,True,True,True,False,False
2057756339f07f6899cc65973532f96f,True,True,True,True,True,False
20747686585fc557b657e67626fbf300,False,False,False,False,False,False
207e9cd9fe854b71c7d88568f2a479d8,True,False,True,False,False,False
207ea9930ab65d3d886a5983db31823c,False,True,False,False,True,False
2083ce6101fc8559bfcf399e9c50f706,False,True,True,False,False,False
20b351e4c7096d49f35c59a26b733a62,False,True,True,True,True,False
20dc5d35f753b640a1113aecbd892ac8,True,True,False,False,False,False
20dcbfd7aa3669baa830bde4c28bb1b9,True,False,False,False,False,False
20dee293bc4d0918f5a1f8bee37f5e18,False,True,True,True,False,False
20eded82b60051a5136fc94533a9a922,False,True,False,False,True,False
20f71d840e3a58edbfbdb8a86b688346,False,True,True,True,False,True
21039da78446b3025de89133f9de6936,False,False,False,False,False,False
2115facc5471ea6e7fd1c4413d8129e2,False,True,True,True,True,True
2135d4c7c03da0119ac9d6ac064adfa4,False,False,True,False,False,False
21557e335d56ae3e854c94bcad70e933,False,True,False,False,False,False
21618fc8ac935e5db72c49d4070229e1,False,True,True,True,True,False
2174b1cac37ff59863d49ab9026f4104,True,True,True,True,True,False
21934dd7bd9fd62e5435ecc94d00df65,False,True,True,False,False,True
219dfd44d405434e4d8eb629438ca37f,False,True,True,True,True,True
21a11ea7c92e10cd8cde77956a6d0e1b,False,True,False,False,False,False
21d27466299f91558faeb689234c448e,False,True,False,False,False,False
21d2800ddc471d7b8a2e90ea421e7842,False,True,True,True,True,False
21e8a221ac5fb4c68b9d214883d910cc,False,True,False,False,True,False
21fcea51e735a6ca9fab7535e2f93832,True,False,True,False,False,False
220100622734997a80cee9b6ba1e6fe7,False,True,True,True,True,True
22088caff8408abac3b52818786d3140,False,True,True,True,True,True
22147f3772c141d38895b16bbc61b374,True,False,False,False,False,False
22332aa98a4ded3cadbda1e9ae635b2e,False,False,False,False,False,False
2298e1724cd10656dd192f001ee0c11b,False,False,True,False,False,False
22b12adbf62e4071bc4d683ff73661dc,False,True,True,False,False,False
22bf2888072c1506842baf8f95aa80be,False,True,False,False,False,False
22ca570dd6e97c9d8caa348d7ceccd80,False,True,True,False,False,False
22eadb2855feae38173d52598fab9e74,False,True,False,False,False,False
2305b3538841ffaaf1802a8c56016edb,False,True,True,False,False,False
233157832ed8d928e087eb3b8a556a8e,False,True,True,True,False,False
2343a48f08a13f16006fb39b7b4eb8b2,False,True,True,True,True,True
2359db6cb899b21d72814b8f04a6e63a,False,False,True,False,False,False
235c4b261aa9fef704bff7150929139d,True,True,True,True,True,False
238a8b9a4d2687f54b05c7687fb07cf5,False,True,True,True,False,False
239d1774d4e2d661649755e172e02ca8,False,True,False,False,False,False
23a85dd950960409eeb94a355272fd39,False,True,False,False,False,True
23ca557687191e3c3617bdb254446fe0,False,False,False,False,False,False
23d640c186405f3ffa0dff31bbd3d338,False,True,False,False,False,False
23f20bd9b802261dd5ee596e76fc3cbc,False,True,True,False,False,False
23f9199b1b3adba933e3deb8e0c1003c,False,True,False,False,False,False
23fe597505702b38b5fd1bf2465b9773,False,False,False,False,False,False
23ffb8858432874e23d4b4eadb643ca1,False,True,True,False,False,True
2405cedb8f143fa107ef33dbec1231b5,True,False,False,False,False,False
240ad598e0ec51d112efe8b11f54eb6b,True,False,True,True,False,False
240ffe745c1b853df22428d590b50087,False,True,False,False,False,False
241a0a22cea04f335ea48a7151c9577f,False,False,True,True,False,False
2431dd724f9787bf364c2b6d50741991,False,True,False,False,False,False
245185214fe7885b53bf032d432c6fd1,False,True,False,False,False,False
24611a76eedb1105044c6db6043482cd,False,False,False,False,False,False
24720a63f84548a38686fb6ce8640a6b,False,False,False,False,False,False
24778145cc073b9d4f2ae782f0d5db90,True,False,False,False,False,False
249be7e69e6dd51dc18020caf46ab53b,False,True,False,False,True,False
24a46d3d64770ca6e39ef26d45046a22,True,False,False,False,False,False
24a5f49f1d23af6d78f6b716ddd22c04,False,True,True,False,False,False
24b7e651c14d3d3ed6a7926a4aacbb03,False,False,True,False,False,False
24bec0ae271020edb1f43d18f702fc5b,False,True,True,False,False,False
24c0d01774dbf0a77e6d094065418f34,False,False,False,False,False,False
24d1088bea91153e8cc5891a29ec81a9,True,False,True,False,False,False
24d9423550977294b04540e48ed620bd,False,False,True,True,False,False
24f5246f36684ad0d7eb3a6f6cdffff0,False,True,False,False,False,False
24f790172e0fd0b2af50c364eb64026c,False,True,True,True,True,True
252ce108eaaabc37dbf995b8f10bc86c,True,True,True,True,False,False
255abe91d6fde310c2cad4383128babe,False,True,False,False,False,False
2585076dd7300c25e500436f40d7eafc,False,False,True,False,False,False
25982b524733df298926691ccbda5f7f,False,False,False,False,False,False
25a37d6d71eff18be753953b35417860,False,False,False,False,False,False
25a4331348f9f2b13caf653f8e926a51,False,False,True,False,False,False
25a6ab67f3f49c5816716387c079455c,False,True,True,False,False,False
25a94a90ba1770285ffa9b4ec23cee39,False,True,False,False,True,False
25b1d2bb5f664d075b4ab3548e028876,True,True,False,False,False,False
25c4df6b082e9b9dbd16eb567b30c62a,False,True,False,False,False,False
25cf2d83afe584572a8e2e3518bf6255,False,False,False,False,False,False
25d31db83d1770a73dd9324c0f80d836,True,True,True,False,False,False
25dcc91e5fa67d382a63571aaa3b6958,False,False,False,False,False,False
25eed71fdc1fe06b3844383a4da0cb0f,True,False,False,False,False,False
25f9631cfdd7929666640b3783c4dd20,False,True,True,True,True,False
26068d72a050fa6667f516afaed2b7ea,False,False,False,False,False,False
2628ce51d7ea56b35797dec4fdf17d1b,False,False,False,False,False,False
265748fd94e69986726d33248c14cb41,True,False,True,False,False,False
265998c3eaa0d8a3314d1753aea02147,True,True,True,False,False,False
2664c519b8760e8454bdf3daf57514b9,False,True,False,False,False,False
266dd06897b8a100fec485aa2f7ec512,False,False,True,False,False,False
268297cf1e70ad9cbbcba2e1d7596410,False,False,True,False,False,False
269fada13a2be44bd4b1020c46d73fb1,False,False,True,False,False,False
26b23ff8af16e658bb8791457e06f639,True,True,True,False,False,False
26bbaf7adf34127e4bde9ff9851952e5,False,False,True,False,False,False
26e6e8660edefb3e396a58cfc498fc85,False,True,False,False,False,False
26ec14519cb2973eae2869f9348b1aa2,False,False,True,True,True,True
26ed8a71e7751c9f1c3565094cfc6289,True,False,False,False,False,False
2719191ad6bb38e665f085202fd3de2a,False,False,False,False,False,False
274597e10df30ec79e7b8ea7666338a9,True,True,False,False,False,False
274be2d467062f1fc78994d59beea27f,False,True,False,False,False,False
27792006dceddbb291ce01f1c9690ebb,True,True,False,False,True,False
277f54ff4bc0eeaff2d328025f6ac3bc,False,True,False,False,False,False
2790d798ac14bcc7fb75bafb2faa18d4,True,True,False,False,False,False
27948e0a3c4d1bc581e8e7138ae56f7f,True,False,False,False,False,False
27a3ba5a0f26c072d5c8cc060f071449,True,False,True,False,False,False
27ac382fd8813361708437e45794dac4,False,False,True,False,False,False
27ae0dedbce95358a4b07a897d43f8c7,False,False,False,False,False,False
27b6a21949477f47adb59d926efb2b5c,False,True,True,False,True,False
27b79e849ae0f9984893dbc533296895,False,False,False,False,False,False
27d647a888777f0d8f1db1a8ac016006,False,True,False,False,False,False
27e329b2629d48c14bcfcb19722d1e9d,False,False,False,False,False,False
27f0f6f863600e43c17be49ff0d8b76b,True,True,True,True,False,True
280715ff699a974774a83380d39af25c,True,True,True,False,False,True
281b082002af18e8c7fc788bc459d794,True,False,False,False,False,False
284270ea64c5c4127a7235dfe061770b,False,True,True,True,False,True
284746c1d3d16056bd0ac1f13dc90416,True,True,False,False,False,False
28525e762cc010fb72c50b69ba16abf8,False,True,True,True,False,False
2860ba1640605f4b0261774773d4bd0e,False,False,True,False,False,False
28647dd9cf1f31aad29f2e260d1790fb,False,True,False,False,False,False
2888a9b7a80cf63feb6c5f784a4a39eb,True,False,False,False,False,False
288f2de30071a2182634e2c2f41b338a,False,True,True,False,False,False
28991ae77438a6a901e6b22a729b2c57,False,True,True,True,True,False
28bd081f888125cff682027ae7a52aa6,False,False,False,False,False,False
28cb994559085b9a398d1c1caff0f2ee,False,False,False,False,False,False
28f243ff044a827b7bba6b632e133566,False,True,True,True,True,False
29045f2103bef9becf7cf4dcdb797cef,False,True,True,True,True,False
29096dbb7d839bd82d4149326b44b9ef,True,True,True,False,False,False
290c5bdc3b32e4472fdf552e34a4249a,False,False,False,False,False,False
2914a63f247ce0539cfced35d5890723,False,False,False,False,False,True
2943557d2cacc7bcb528c7e0d7e838b3,False,False,False,False,False,False
295355f126ddcc09165de2770942ab19,False,True,False,False,True,False
295c3fb872d5dfdc5527e5cc293b1e2e,False,True,True,True,True,True
298053c64143a58e0660f0a655f10593,False,True,False,False,False,False
298c444be382a23e9fa74d678442fe70,False,True,False,True,False,False
298f5a051571ef1fbc2cf4f45b436041,True,True,True,True,False,False
29b5a9ed7031a7c2d6fd7b77bbc3c447,False,True,False,False,False,False
29b5cf4bcc8711a47d4ebcbe85c7d996,True,True,False,False,False,False
29c3997049bf6c71d8a860a7ef4f3098,False,False,False,False,False,False
29d5fa4201f5a09bc74cccd66a7c8cf9,False,True,False,False,False,False
29e17d4a06853da0a394348b785a11c9,False,False,False,False,False,False
29f4b345b056e22e20a0783bf201fcfb,False,False,True,False,False,False
2a1be3472ac43b76e03ed45bb5e371ec,False,True,False,False,False,False
2a21f0521048ef02bb841ab9e9061bbc,False,True,False,False,False,False
2a36f734511c2df75a22561fc514a5aa,False,True,True,False,False,False
2a4d72d29e408548e73d29f2d9890a60,False,False,True,False,False,False
2a526ef1b860e5819911e770447f283c,False,False,True,False,False,False
2a97d47af3f90d6cdd8213e5ce94872f,False,False,False,False,False,False
2ab25be7929c5993ffef2dc6b04832c8,False,True,False,False,False,False
2aba4ededbc9ee02d119fe6e3a4cb73a,False,True,True,False,False,False
2ad2e47060d78555449f2a14c417f84c,False,False,False,False,False,False
2ae81d755a1e904545daf12fd47ef027,False,False,True,False,False,False
2afbb79fb1df508f34dbe07e6faf6e9f,False,False,False,False,False,False
2b14cd41f119b2be0a9d6a5a4b5a27f0,False,True,True,True,True,True
2b15e126456f0fd021a3b0afc8130dcd,False,False,True,False,False,True
2b17c31a3f666e0884e89c4c4966d5b3,True,False,False,False,False,False
2b1e44a8620a124035059ada5fe6214c,True,False,True,False,False,False
2b22d3fe57cd7c7cd32e7a60f0d9f17a,False,False,False,False,False,False
2b2f0eb5e2897422c184af895f00515a,False,False,False,False,True,False
2b538469d087978ee0adf9f0b8dfa3d5,False,True,True,True,False,False
2b6114c528342d6f6b2f24fbdf8992ef,False,False,True,True,False,False
2b7377caa9aa435894558bacb1eb3332,True,True,False,False,False,False
2b80c5b0e94f758fb55c405430405a13,False,True,False,False,False,False
2b85102fdccad7c8b63c3a8526330178,True,False,False,False,False,False
2bac3174005f920ceb710d68021596d0,True,True,True,True,False,False
2bac8ec7286340a1a5b749b64d3ce644,False,False,False,False,False,False
2bbff5a682a56d71238b707052ec8432,False,False,False,False,False,False
2bf57c107752a14aa4bffbaa0e2214c0,False,False,False,False,False,True
2bf92eff7a83eafa91fb0cb6460bbd7f,True,False,True,False,False,False
2c241b240d178c1dcb5b2b3b5a7c2af0,False,True,False,False,False,False
2c49cfcc66f9ad316c1011debf200eda,True,True,False,False,False,False
2c67cc6d8effc3ed2a52e91add79c08a,True,False,False,False,False,False
2c90c62d5ca014ebb718f1dbb1a34c28,False,True,True,True,True,True
2c99ff6dcac314f12f172d891726bd6d,False,True,False,False,False,False
2ca6092f04ce8cdc3426c197fed291c6,False,True,True,True,True,True
2cda24a4a47b9152743c66f2191a8a39,False,True,False,False,True,False
2d07bca001eece22729d240e3145bc7c,False,False,False,False,False,False
2d18bdd90870ad2597e58f68493b7672,False,False,True,False,False,False
2d22e93aeb64a29913fb0d9ca1793617,False,True,False,False,False,False
2d27865c1c01ac844528f73cc0b301c9,False,True,False,False,True,True
2d3c4347deb90cf05290df80f0ee855e,True,True,True,True,True,True
2d6bdcb956797359b9d15b4fb4800611,False,True,False,False,False,False
2d96a450784ba8b8c5cb8e260bdcc127,False,True,True,False,False,False
2d9f8ffed221bb962c28baccf571f955,False,False,False,True,False,False
2de139a1716160323c7adaf7fcc33eca,False,False,False,False,False,False
2ded176402d5b333fea4ac07cead924f,False,True,True,True,False,False
2dfb333b3dae7e6806f587b590612d60,False,True,False,False,False,False
2dfb5f187120b3db4f0ad2aed22fd2e9,False,False,False,False,False,False
2e0524deb3072714d306e32f0e652664,False,False,True,False,False,False
2e088facdc32e5cd02d765502f20dd91,False,False,False,False,False,False
2e59883683f9baf2a5df4bd9a615c187,False,True,False,False,False,False
2ea2c8b908345f95a425c44a9d9245ea,False,False,False,False,False,False
2ec0fac7e1bce3c003c568cda3e73db2,True,True,True,True,False,True
2ef9430b39afae3ae8163b8e5c1b7a0a,False,True,True,True,False,True
2f0875297666617218b1bfffef5fe49c,False,True,True,False,False,False
2f37c79af942516c5085b54d1f49a592,False,True,True,False,False,False
2f56444592114a705fc610dc456e377a,True,False,True,False,False,False
2f6a3898dd029de3de2ce9bc744bc132,False,False,False,False,False,True
2f6ae10433b86dd8173dfc4a4208d3e9,False,False,True,True,False,False
2f7a2a2708397417332773725d2a07ba,True,True,True,False,False,False
2fb46dabd30bb2c3c5dfafdb84f7029c,False,True,True,True,True,False
2ffc73ebbf4f852edb446d42ae5bab3e,False,True,True,True,True,True
30293c7e740bb996d9be9549e4bb1330,False,True,False,False,True,False
303b6b284cb75739bab15cc093916042,False,True,False,False,False,False
30526f2fbb3b7e88255bf2e84e5a4ef9,False,True,False,False,False,False
30541e15a252a265eb7335530225f636,False,True,False,False,True,False
3057bc13ee2a47810c1a49251a55e26c,False,True,True,True,False,False
3094243a603866729af54764eb1605eb,False,True,True,True,True,True
309cdbc5340dd603d11e999ca061f387,True,False,True,True,False,False
30c44442ba28fc93f3c83871c7a600a4,False,False,True,False,False,False
30cad6c50886b69426670afac43cd002,False,True,False,False,False,False
30cc69b6591b7309e59191a8a88afff3,False,True,False,False,False,False
30d53284f17bcf109c5d334b1dbb0727,True,True,True,True,True,False
30ec946cd771d17b61b79181c8d2a2b1,False,True,True,False,False,False
3119de49362907774856134d6980375a,True,False,False,False,False,False
3123719f28d2125cbf012dec9e5fcf14,True,True,True,True,True,True
312397c192fa1fd95929254d438ea70a,True,True,False,False,False,False
315767f1da7062556143d42bb19ba31e,False,True,False,False,False,False
3183d964d9ba3fea2b53bc04ecd63197,False,False,True,False,False,False
318ec9aef9577e446bae19ac2e0b32e7,False,True,True,True,True,False
318f8b062d9f42a49c3f77e5d3411aa0,False,True,True,False,True,True
32002c3e157eeb7babd11507b2195f07,False,False,False,False,False,True
322575f5e0ba3cb91a1aba056424c7c9,False,True,False,False,False,False
324950d5932fc7ef8ab26bac1e847b0b,False,True,True,False,True,False
325bbe3c992bfd0f4a206ec2cb65af4d,False,True,False,False,False,False
327005a3088cf52bf63c9aa95506a7dd,True,True,False,False,True,False
3278fa5ab589673ad7ba9b1f055b40d5,False,True,False,False,False,False
3286cde17889f26ef7ce3c06e23d99fe,False,False,False,False,False,False
3295e1051cb8f346a2a109e6d22a84ed,False,False,False,False,False,False
32a947e1e87857262fabb667ee156d1b,True,False,True,False,False,False
32aaf36ac996938a2ad0eb00afeee299,False,True,True,False,True,True
32ad1eef8744a8f8ace72a196c3c70e0,False,True,False,False,False,False
32ca3839f81500a630572958daf037f3,False,False,False,False,False,True
32ccf2e91e78212e505f4201e33583df,True,True,False,False,True,False
32e0a18fb35892a696a8c8f8fb791c77,False,True,True,False,False,False
32e2cbaa22f1f7235196fc34f2f65d6f,False,False,True,False,False,False
32e3acfda34247ff3b5c9b4c7a61a355,False,True,False,True,False,False
3306fcfc7e5ae9427353df18f26019fc,False,False,False,False,False,False
33144d0d04b3e90a521678bd383df65b,False,False,False,False,False,True
331a2c90e0dd8005b20a1f1d1dd779f5,True,True,True,True,True,False
334bedaedc27c30e5514e10e4c8a5c7f,True,True,True,False,False,False
334e84fd8e6ab45f39e271aadcc261e6,False,True,True,True,False,False
336b126730611dad87a830e0fb1f3610,False,False,True,False,False,False
33825ccb96c4cf3b08e17ab31b3c3fd4,True,True,False,False,True,False
339700d788ac1d4f9de07cc56814fff1,False,True,False,False,True,False
33a55bcdb3aa2ae7ec5c34e0324d6acc,False,False,False,False,False,False
33a844e0e7d90de140901688a11c6b4a,False,False,True,False,False,False
33cb4369c37266cd8994da8878b17b87,False,True,True,True,False,True
33f0b98a557961f5ccc519bb972d450f,False,True,True,True,False,False
33f25d425aa204c20d860221bcc057dd,False,False,True,False,False,False
341364db6109d838d57a68b12524e70e,True,True,True,True,False,False
34372dc1782c79a2ef1992cf3eeea694,False,True,False,False,False,False
34377961fe6d9a14d928a5545d6ff969,False,False,False,False,False,False
343b4cc7f6dcb4dc1eec3fa78ed9a045,False,True,False,False,False,False
344707ee2709824d87b93c3208b64d28,False,True,False,False,False,False
34a1d2c2de17eb11c365ee8c94344290,False,True,True,True,True,True
34c5b777b1b8e7bf015e143aa0a6bf8c,False,False,True,False,False,False
34d50aad0209c58a3938915d430eae89,True,False,True,False,False,False
34f67ca5dba04449804af1cab17f1164,False,False,False,False,False,False
354d7dfadb2d56c2e828929cd4b7eb5a,True,False,False,False,False,False
354ed698684a0b88804d74f3a79f0b64,False,True,True,True,True,True
3571b20aaece20a075f6a461bc4f64f9,False,True,False,False,False,False
35af11ef256f03809ee37232b17b76f1,False,True,True,False,False,False
35ef164f441c37c96e19d11622604347,False,True,False,False,False,False
35f2b093ab291a256cc868b7dca50cd7,True,False,True,False,False,False
36052c3bc0c1681d19f08cae13c26722,False,True,False,False,False,False
36085896c9beb66cb175f783f2a8e3b6,False,False,True,False,False,False
3612595b5d2d1c6d70a3942a93417e47,True,True,False,False,False,False
364762dcfe5c7632bb91f2f2186a22f1,True,True,True,True,False,False
366350cc46ad1dffd8751d774ccec7ac,False,False,True,False,False,False
36806a4a8060ce3d5516619fd6bb2c49,False,True,True,True,True,True
3695372bdc0a85e5b6b49846a5c4d04d,False,True,True,True,True,True
36af31068526d3610771b9ca3a43574e,False,True,True,True,True,True
36b46042d75f214bb1a6b977c037de2d,False,False,False,False,False,False
36c44b934c692ca73055302982179af3,False,True,True,True,False,False
36c764a2578e5b11c5e4367cbbe59ac0,False,True,False,False,False,False
36cbbff3dc04c3c8d49511b13a0cba03,False,True,True,True,False,True
36dcbde80ad1db748cc806b06ab9aacf,False,True,True,True,True,False
36faff87fc1c08d12964d15ff9b87127,False,True,False,False,True,False
3704cbcf0f43316e8c20aaaa188e956c,False,False,True,False,False,False
3741a3dd81f9614dd57f77c0204201f6,False,True,False,False,False,False
376b786557fd2f5f48053bc7670b4cdc,False,True,False,False,False,False
37770a9be202276cccc8663117351cb2,False,True,False,False,True,False
37a39bc74dd6ec81766fe8075f62de07,False,True,True,False,False,False
37c53ae0608690cd09d1b2537f01ae9a,False,True,True,True,False,False
37c77264896852707387f771311502f2,False,True,True,False,False,False
37cbd6507565506fa3b630e9a7f89f12,False,True,True,False,False,False
37eec7c87a2f1369c28aeee3a657938e,False,True,False,False,False,False
38075cca95ab83bd978470b605c2aa7a,False,False,True,False,False,False
381ee81e94f1409e89aa41b8c19057d8,False,False,True,False,False,False
3827abcc7550931fafbccfe018a7faa0,False,False,True,False,False,False
38382b139748661f7998102d6fa36c59,True,True,False,False,False,False
386d1f802cb0a676120b7cb4917fa6d8,False,False,True,True,False,False
3879fd5c14cac65384df2f97ceedee79,False,False,True,False,False,False
3884605b9549fb2c5d8e6f8406f2a04a,False,False,True,False,False,False
38a309092afd9b6da40f95514d3795af,True,True,False,False,False,False
38a790cbe120ed298f510ba04526231b,False,True,False,False,False,False
38f0e5f3d271e6620bcecd25704365bb,False,True,False,False,False,False
38f1dd36ec6de594b74af2e517d76a53,True,True,False,False,False,False
38f20af04c00f4349ac0d1966ceb8657,True,False,False,False,False,False
390596a278187083495d6710210bfaa7,False,True,True,False,False,False
390783c37381799f490c4979f691655c,False,True,True,True,True,True
391ecc7e47391e527add5f08068c997a,False,True,True,False,True,True
3942a6135046ef9bb7dc157ca170e03a,False,True,False,False,False,False
3974f6173d17a85c952e38bb9235a0a1,False,False,False,False,False,False
39833499fe1e254cc5d7672747b60cfd,False,False,True,False,False,False
399ce372056a542fdd53e6d199f85589,True,True,True,True,False,False
39adf22f2db2d9f6e7147eac62fef276,False,False,True,False,False,False
39bcba1179835b23af28f40eb7a40ea4,False,True,False,False,False,False
39ee224053de226dbfbe0ca7c7f65bb9,True,False,False,False,False,False
39fb141dd7373523f1207de40fbac150,False,False,False,False,False,False
39feed385f23299de6d459fde1be1d6f,False,False,True,False,False,False
3a124fc21f3c03f54a74beeb04082f49,False,True,True,True,False,False
3a1d8731ae4d315bdc9be6832cff3d0c,True,True,True,True,False,False
3a2680d218deb187e9b031fc6242ff0e,False,False,False,False,False,False
3a31a30ad7d30da6f98ce429e47445c5,True,True,False,False,False,False
3a5236cd9e9f5d115c62385c76717e33,False,False,True,False,False,False
3a5acf87a927536f76490fc8a507e17b,False,True,True,True,True,True
3a6adc16bf91a0ab56338955b0c5cac0,False,True,False,False,True,True
3aa3c46d090995b93e5c8e416ef1b1d8,False,False,True,False,False,False
3ab4252eb47336bae37d438bf50e725a,False,True,False,False,False,False
3ac4676efe2fd2c2ee39d35fc528f2c4,True,False,True,False,False,False
3ad51b871b7721d0461899e87b45e2a2,False,True,False,False,False,False
3ad73afbbc3c36c1a9f1e326ee3b303f,False,False,False,False,False,False
3adbb7c167367d71ef28398bb04ced02,True,True,True,False,False,False
3adfab009962bdf2bab956854447bef0,False,False,False,False,False,True
3af4c4a48a8cd8e9ac586b594e8b6f17,False,True,True,True,False,True
3aff86430e51e2d82f5bd4d1662759d0,False,True,True,False,True,True
3b0dac0d8061589ce0931ac5ded4111d,True,True,False,False,True,False
3b190393e943cd790e4d0c345b605c0d,False,True,False,False,False,False
3b2f3db97ddc1712ab8acf7d7af57760,False,False,False,False,False,False
3b459ddcb34f82e7fd4e4cc4b1d207b4,True,False,True,False,False,False
3b45f2b684703c4d936eb136b00d5fae,False,False,True,False,False,False
3b4928992a1ec88f566a20b25ccbb8bc,False,True,True,True,True,False
3b5f82bb225f2b19d15cbfb5f661624f,False,True,False,False,False,False
3b90701ee7c8529c8f77bc96f3b37afa,False,True,True,True,True,True
3b92b9c9e0c5f2dd0b450025c1991106,False,True,True,True,False,False
3b93943e6b08171596eea454b0ac2c90,False,True,True,False,False,False
3b97760b73ef1553594ed756059125fa,False,False,True,False,False,False
3ba0dddb36dccc5a3b9a05560976524f,True,True,False,False,False,False
3ba6c2eafa304913d660cd9cc57f975d,False,True,True,True,True,False
3baa890965eacf3b11eb2479280f4fa2,False,True,False,False,False,False
3bc717207f8795fced58e150317279bd,False,False,False,False,False,False
3bccbfc805ed21ac7468c2aad622dfa5,False,False,True,False,False,False
3bd9f7fcd2c5fd2a4d3f4670343a1656,True,True,False,False,False,False
3bddee6252fc97cdb5566503e10e52a8,False,False,False,False,False,False
3be7d9d4594065abe9d17af7fc7b8383,False,False,False,False,False,False
3c2b670afa3156936b5f25361310e384,False,True,True,False,False,False
3c482b107ebcd79c4708efc6f494440e,True,True,False,False,False,False
3c5e779d68fbde929004007d5590376d,False,False,False,False,False,False
3c6aa62236dabb9908e016c42e03b91e,False,True,True,True,True,True
3ca8de1ba1a9f5e65245239125661a0c,False,True,False,False,False,False
3ce5a5b7dd03ddf5eb5e9403109d04bb,False,True,False,False,True,False
3cf5ef5523df6881a577f109e8b12ea7,False,True,False,False,False,False
3cf7cc8df0c55891fd1918d9937b82a2,False,True,True,True,False,False
3d11ca9cec54f5ddd58ba3e483fa4a3a,True,True,True,False,True,False
3d3fcfa15abeb2f44fa2f38f914a472f,False,True,False,False,False,False
3d58206749021ea4ac0dfb61f7ae91e2,False,True,True,False,False,False
3d5cd2581e2093c34312f19e77cfeef0,False,True,False,False,False,False
3d5e90b4dec2e3dce332d98df7c1eb84,False,True,True,True,True,True
3d6c4229c1ccba77b70109c0c89e4530,False,False,False,False,True,False
3d72226351b743f0e530625927c8fbbe,True,True,False,False,True,False
3d7e61a65aa9579f53ce02a3b779acae,False,True,True,True,True,True
3db39436d282065658dea878ee23d5df,False,False,True,False,False,False
3e0f3b76bfe286c7c25a292742dbcdc5,False,True,True,True,True,True
3e11cdaaf869e22c7d492802e96b0c06,False,True,False,False,False,False
3e51a250d835d898dc0265af3adf9488,True,False,False,False,False,False
3e53d1d0c2d2e0b98d5af211d7fa08d0,True,False,False,False,True,False
3e67f088d9f15d613855134bac136a8f,False,True,False,False,False,False
3e6dac96321ef79b4bc5d483f27a34bd,False,True,False,False,False,False
3e851a75b56c8dcb5251ff13b31378c0,False,False,True,False,False,False
3e92b6be8edbbd27389787ab032fe78e,False,False,False,False,True,False
3ea39686736ebddf0397439d0bfca9a7,False,False,False,False,False,False
3ea7870ade3213603d609b808f35582a,False,True,False,False,False,False
3eafe5a7fb996bc93b22cf6a9bb54082,False,True,True,True,False,False
3ede43f8ddc72c69637bcceda35cedb6,True,True,True,False,False,False
3ef51995da8403bffbd05361e2a43e8f,False,False,True,False,False,False
3ef9efb31a8b83fb8af6db477ccd4d54,True,False,True,False,False,False
3f14a47847fb42bbc7dc119e7e1ef588,False,True,True,True,True,True
3f19f70e3c54ea5f1cb4ff375d50426a,False,True,False,False,False,False
3f27592fbe33dd77ff67b2494aa8cb9d,True,False,False,False,False,False
3f39c9363df5e89487a31ffb5aecb38e,False,True,True,True,False,True
3f627906a6f490ff1fd6cfc365576e1e,False,False,True,False,False,False
3f6889e52f887c8203499fb31658e96f,False,False,False,False,False,False
3f74d1e31ade418f6162d52c181a81c2,False,False,False,False,False,False
3f8a762206935dad5792c4a4fc5354e9,False,False,True,False,False,False
3f946657e3236f2ff7bf6fab8530ba80,False,False,False,False,False,False
3f94e3f667647b1662c2adbb58c69a8d,True,False,True,True,False,False
3fdb09320238e109ace6bd2e812aba71,True,False,False,False,False,False
3ffa2c1a92505bdd41a05ee7df375363,False,True,True,True,False,True
3fff3c23e71c3ede932006c9b31a7124,False,False,True,False,False,False
4021dbe5338de710ab82439bc41bdc5f,False,True,False,False,False,False
40277f48110de00f7e01ea38dfbb8026,True,True,False,False,False,False
403122439df7d6d5b6bffd8f30b88d01,False,True,False,False,False,False
40543426ed74dc1e6d29ceff87986f57,False,False,True,False,False,False
406f5170cd46e0ffe30655ce0189de59,False,True,True,True,True,True
4079d96c35b3cedd53710d49023dee1f,False,True,False,False,False,True
40894978759ca08931fbc95806b44c63,False,True,False,False,False,False
408ee78438434d4f8767ed34e9af7fa5,False,True,False,False,False,True
409bf41c504aea7c62966498beb1f011,False,True,False,False,True,False
40a5a196371eb3450f84eabfe93c60d0,True,False,False,False,False,False
40b3483cf39f953bcd2e801d594d4f56,False,False,True,False,False,False
40f89844a323c08fc4c6c43c207a0fe7,True,True,False,False,False,False
4107751a27d6ded4c54b55647fcaab5d,False,True,True,False,True,False
410fea71022afb1ee2f706b42dbffb18,True,True,True,False,False,False
41223f0d1a7600f2c266b93c3a8553b0,False,False,True,False,False,False
41629bc660717554fc6d57388da0e6be,True,False,False,False,False,False
416b28f07cdbdf3630e3e8f4d828d814,False,False,False,False,False,False
4183b60237fb8f2854f3cc8a0e2566d1,True,True,True,True,False,False
41872c2ea49d7611135527b101064dbc,False,False,False,False,False,False
41a29f0a4d6bf5cec05a6011f6983ba1,False,False,False,False,False,False
41b539360f36d6d28f08304293ace5b4,False,True,False,False,False,False
41c4a2ad301a86567c2a58897578af6c,False,False,True,True,False,False
41f84c287a32f1f129a58786272b4870,False,True,False,False,False,False
424e1adcd92d905faa7269fcaa010e23,False,True,True,False,True,False
425007adc0a4965f98663f8069b656b4,False,True,False,False,False,False
425aaa26eb80967c6cd672589e43c765,False,True,True,True,True,True
426394d2a914aff2c35a6b7509fdaaf1,False,False,False,False,False,False
4272aec621eaf5962410b0a3f8b90af0,False,False,False,False,False,False
42a6bf4b9015786c2a016fb7c0971a11,False,True,True,True,True,True
42a99d938566d4c2457f8adf4c892fc1,True,True,False,False,False,False
42dbc1b80837e95f5e3ef0026323f756,False,False,True,False,False,False
42e679b567d0a486e8f3fdffc724a425,False,True,False,False,False,False
42fd8c7197573b0bc8a605e273635d1a,True,False,True,True,False,False
430fafd7c00672fb457b90822b9e2cef,False,False,True,False,False,False
432c7a0051e8b9d2fa19f92362924164,False,True,True,True,True,True
43540ff4b8412bc9ab648fb11c2cc251,False,True,True,False,True,True
4378b3cfc6e3f51cd0b7dabc21f7d991,False,False,False,False,False,False
437a35a81363c605a2cb9554799f911b,True,True,True,False,False,True
4384a9cd3716e66d1d4f22a9db9e36a6,False,True,True,False,False,False
43a10a6f38a7ab66c80d5995189773be,True,True,False,False,False,False
43a27eef5db2f6c616fa71a789d49016,False,False,False,False,False,False
43ac34e8dc0ad3f2d587f7449f7ee188,True,True,False,False,False,False
43bd076ec0568a355a5c994b0b400082,False,True,False,False,False,False
43c57ca44b3f96cf5f806fbe2f17954b,False,False,False,False,False,False
43f092b5077d04c86290baf1126bab22,False,False,False,False,False,False
43f4239207f08089fd3407d94b641c37,True,True,False,False,True,False
44012156f7cea4375db87abdd6f16bdf,False,True,False,False,False,False
4404a79b8e34ef1a1dd595f2d1c4097c,False,False,True,False,False,False
440eeb91cb9533101b1c7773888b1b78,True,False,True,True,False,False
442179b9340de14a29c724c1d0035ecc,False,False,False,False,False,False
44253fa2ecfd03c3e81b3dc07231bdd8,False,False,True,False,False,False
4464c098e35573cf971f12b8192f9afb,False,False,False,False,False,False
446f68218a9dc9e5dd4dc692b6e28371,False,True,True,False,False,False
4470350d7805a727e882371013d98dfa,False,False,False,False,False,False
44850ec746ed3c15ce774dac707da6d5,False,False,True,False,False,False
449d19487857f6838cd8ec87dff4e778,True,False,True,False,False,False
44a0f9e741c25771481b186fcfd538b6,True,True,True,False,True,False
44abbeb9a1d1e1a4d9445207c2d65973,False,True,False,False,False,False
44b866c5dc09b0e1137e3c372d8bc21c,False,False,False,False,True,False
44db5cdc15ddb0476f97d7118990bbda,False,True,False,False,False,False
44fcbfd76db144103bb84ed44dbc9619,False,True,True,True,True,True
450451badb9f5b22a95ae35312d678f9,False,False,False,False,True,False
4527f1f739767e47580294836eecaee7,False,False,True,False,False,False
453198cc5b7dd4117c13aa1adb1db4e6,False,False,True,False,False,False
4552ea775dc43498505635641cebfc89,False,True,False,False,False,False
45905339b4f0f1708c4b19a3484fd0aa,False,False,True,False,False,False
4597984b3f2b632a0ab982f4aa31979c,False,False,False,False,False,False
45a468196b54d01634e73a6dc81e1854,False,True,True,False,False,False
45adc71e0b017ec4cc78543e495f577e,False,False,False,False,False,True
45eb5ff53d41f172f3b2240f9e3d1ccc,False,True,False,False,False,False
4618df022363f17eebde962d6832cde0,False,True,True,False,False,False
46256a0284a39237cd4364fbf7a1c4a9,False,True,True,True,False,False
4638576b0a02be4206badc3863f50859,False,True,True,True,False,False
46ddea6eb6927763a283e3e2796d1fa3,False,True,True,False,False,False
46e22921b9d196dd86dba32edbdd8204,False,True,False,False,False,False
472339bb03be9c92305f1c107f7bef1e,False,True,False,True,False,False
47237ad21227099e72023701ac25f341,False,False,True,False,False,False
47520d17aab9387b0c0e5c51fd1f37fd,False,True,False,False,False,False
4759698d919d34b1694d17d12448f618,False,True,True,False,True,False
47730246ce3d4c286df94b3bbeeb8bfe,False,False,False,False,False,False
479830f2d7510005b005c1da7c4d6aaa,False,True,False,False,True,True
47c77afa03f6aab8c63dc8b51f314d71,False,True,True,True,False,True
47eb38fe0d4e39e4181cc79c0ffae062,False,False,True,False,False,False
47f991c005837bb62921341a5bf19f2d,False,False,False,False,False,False
47fd768136710166bdd61cace45c54b4,False,True,True,True,False,False
481219cfbb96a9160e9da8385cce0d2f,False,False,True,False,False,False
4814cfc55672924663ab7217fc7753e8,False,True,True,True,False,False
48359d696eb97e4229d4c1cc4f877ea0,False,False,False,False,False,False
4855264c9b125f6a44b0e41d0ac69b43,False,True,False,False,False,True
4857b284a54fef6f93ada72dfb3887e7,False,False,False,False,False,False
48598a5ea58ff66d9626622be6ca353b,False,True,True,True,False,False
485df895ab98b8336a918e0abf6dc883,False,True,False,False,True,False
48644bd002eb9b910fb9874e382a52a5,False,True,True,True,True,True
4882e2de3b68c4cff9a40e94587295d2,False,True,True,False,False,False
48a33ccfb5a851d5982dcdda0776f7ac,True,True,True,False,False,False
48af894a6ab6bcb943d1d631b1d4d8cb,False,True,False,False,False,False
48c11b65fdf38b0eb8882f4b2d922a16,True,False,False,False,False,False
48d382e3b8d413b490ae226db06b9302,False,True,False,False,False,False
48d486e50b4cc7740b6efdf4d5c0a17f,False,False,True,False,False,False
48d7c381ede883bfd6dfeeb78a9f0e51,True,True,True,False,True,False
48f094fd67ff1c3c93274432dc37810d,False,True,False,False,True,False
48f1931ef3f3b3439b1091a83e2a1bf5,False,True,True,True,True,False
4914791cbad9bfc77471afef44a9c928,False,True,True,True,True,False
491714c1d8ad9e4e0574c4987b63a2a8,True,True,True,True,True,False
4917482f12ad11fff6f575e7bdab56e0,False,False,False,False,False,False
49191e059fd6899c6824a13d28538f10,True,False,True,False,False,False
492fc48940e99f7d22dd21b9e62f7a18,False,True,False,False,False,False
4955d8ab2ca105de44e98e06a1cfd0c0,False,True,True,False,True,True
496471048946ccac944afcef5feaadb1,False,False,True,False,False,False
497a24918b595cde4bc41dbcedae8798,True,False,False,False,False,False
498cc671dbeb6d74ce536b31db565ffd,False,True,False,False,False,False
49a9dc67d5f06589136733e2c88383f3,False,True,True,True,True,False
49ef4622cc228f049f748249798d5217,False,False,False,False,False,False
4a1601fe4bb414803815786fff5743d1,True,True,True,False,False,False
4a2769704e95a88e6b0cbe9ec42bf7c9,False,False,False,False,False,True
4a3cb55bc4ac374a861bf7dca4d7ca32,False,False,False,False,False,False
4a5edcae517eac32c08c54bdb5206df2,True,False,True,True,False,False
4a60b18f4efa78b555bf0e3c5857a785,False,False,True,False,False,False
4a78b11cd6bc0701e3695eb530a29421,False,True,False,False,False,False
4ab290eef0ff091c86270f72cd5df86f,True,True,True,False,False,False
4ab931919d2445eba99352d26f023144,True,True,False,False,False,False
4abc682bf915eb0bf8226a51d2ba07d0,True,True,False,False,True,True
4abe5c1f625e171430816e1d7907cad7,False,True,True,False,True,False
4ae42ece704391c2d4e958e60221f955,False,True,True,True,True,False
4aefdf8d69d2f410485dc9b858d47cb7,False,False,True,False,False,False
4b01c9783e41c24921f80012978ed36d,True,True,True,True,True,False
4b01ecb9d8aa44925ecf03e0314e4580,False,True,False,False,False,False
4b0693bd664186d34257634a79fea119,False,False,True,False,False,False
4b105e49608d97e02a38da8f239b898a,False,True,False,False,True,False
4b2afe7389af055f6c6076ccc6a06459,False,False,False,False,False,True
4b2e0de26607f9c7f83d6a5005b2e339,False,False,False,False,False,False
4b364ab711f1ec951eee69efb6d11f49,False,False,True,False,False,False
4b386f1836c8c36ddbc810ec7e73388f,True,True,False,False,False,False
4b8e736fc0a7504df5092430c063ef47,False,True,False,False,False,False
4b8e9b32546e8633e91a6b78af62e252,False,True,False,False,False,False
4b993d0623ba70118c69ce98acb73e98,False,False,True,False,False,False
4b9b54af89e82db07216654237d39ce1,False,True,False,False,False,False
4b9dfe781a0e97995ee153ac8ff94e6b,True,True,False,False,False,False
4bad3acf74d4da3b7933425ff130832e,True,True,True,False,True,False
4bae414966324f389ad8dcf49701313f,True,True,True,True,False,False
4bb3721b08066a60f613213e4df60307,False,True,True,False,False,True
4bc3b61b4e603bbe32332bcf55f47012,False,True,False,False,True,False
4bcb87c90835559cddb05cf2cf8e42ec,False,True,True,False,False,True
4bcc84f7cd523192606e47f4744f0168,False,False,True,False,False,False
4bd410c237213ff8d2854324d53afe85,False,False,False,False,False,False
4bee4b70ff70c837ed7a67846150b2f2,False,False,True,False,False,False
4bf4cc2916d76d5032dfd74224982060,False,True,False,False,False,False
4c175f5a46b15452cfa0befc29a3c5b5,False,False,False,False,False,False
4c1c7ae5c7f18fc70ae68c8a806e8054,False,False,True,True,False,False
4c6884d39968fcf18f43b0ae12595197,False,False,True,False,False,False
4c7ba706a51ee8d262e0f20a60148986,False,False,False,False,False,False
4c8539d2ababe56545ebbde482dcc2c7,False,False,False,False,True,False
4c99cc6bc1bb9870aa566f179d95f373,False,False,False,False,False,False
4c9d1f42fbd03ac28a61181034466eba,True,False,False,False,False,False
4ca121137053b1ee41b7a6be318a6366,True,True,True,True,True,True
4cb3ded67cb7a539395ab873354a01c1,False,True,True,True,True,True
4cb5355e3dbbfac0e212ba441df910e0,False,False,True,True,False,False
4cc10038294a94e63cc5c4b633c91221,False,False,True,False,True,True
4ce5c089f29c4cb7ec42f02fe244bf43,True,True,True,False,False,True
4cec627a19fb0f7a330b025dd00b418f,False,True,False,False,False,False
4d01e3a089fe05c5ec0e4441c58b9854,False,False,True,False,False,False
4d05b60096c72833c50bbb41d7904a17,True,True,True,True,True,True
4d06121773a8235645d342d470b451a9,False,True,False,False,False,False
4d3f7dcbd294d32fe93e082bc076ea0d,True,False,False,False,False,False
4d98ca4a35ce94b72b2646e5fd130316,False,True,False,False,False,False
4da30feb0fffe72adc71f73157168bd2,False,True,False,False,False,False
4db03cb83e83692d06d056175d0e27ce,False,True,True,False,False,False
4dc7ec0e512ab0e462f6f2a5ebfe54f1,False,True,True,True,True,True
4ddfd44d79d8b70c5512dad59d2be7e7,False,True,True,False,False,True
4df2f491d3908d4367e16e3c8fd01782,False,False,False,False,False,False
4dfdc54e2799302553ddffa4b006d9dd,False,True,True,True,False,False
4e00f3c071ee0903bc5f0123cf6bcf57,False,True,False,False,False,False
4e03db56b8cad5be5bf59fdac60a5af1,True,True,True,True,False,True
4e213413f2848eecff2dbb63e456a770,False,True,False,False,False,False
4e44f506184abb41230dca9183e0dfde,True,True,True,True,True,False
4e76bb8e72c66ac1020407778635938f,False,True,False,False,True,False
4e7e4c7bd153b3e8728e7be9e717071b,False,True,False,False,False,False
4e900f739ad1a3cc11c0bc2ad85db6ff,False,True,False,False,False,False
4eb736e6ff7851d301ae68a6aa37081a,False,True,True,False,False,False
